year,month,day
1892,January,16
1892,January,17
1892,January,18
1892,January,19
1892,January,20
1892,January,21
1892,January,24
1892,January,25
1892,January,26
1892,January,27
1892,February,2
1892,February,3
1892,February,6
1892,February,7
1892,February,12
1892,February,13
1892,February,14
1892,February,15
1892,February,16
1892,February,18
1892,February,19
1892,February,21
1892,February,23
1892,February,25
1892,February,29
1892,March,1
1892,March,5
1892,March,6
1892,April,13
1892,April,15
1892,April,16
1892,April,17
1892,April,18
1892,April,19
1892,April,20
1892,April,24
1892,April,28
1892,April,29
1892,April,30
1892,May,4
1892,May,5
1892,May,6
1892,May,7
1892,May,13
1892,May,15
1892,May,16
1892,May,17
1892,May,21
1892,May,22
1892,May,23
1892,May,26
1892,May,27
1892,June,1
1892,June,3
1892,June,4
1892,June,7
1892,June,8
1892,June,9
1892,June,11
1892,June,12
1892,June,13
1892,June,17
1892,June,18
1892,June,19
1892,June,28
1892,June,29
1892,June,30
1892,November,1
1892,November,2
1892,November,6
1892,November,7
1892,November,11
1892,November,12
1892,November,15
1892,November,17
1892,November,20
1892,November,21
1892,November,22
1892,November,24
1892,November,28
1892,November,29
1892,December,3
1892,December,4
1892,December,5
1892,December,11
1892,December,12
1893,January,13
1893,January,14
1893,January,15
1893,January,22
1893,January,23
1893,January,24
1893,January,27
1893,January,28
1893,February,2
1893,February,3
1893,February,4
1893,February,5
1893,February,7
1893,February,8
1893,February,9
1893,February,11
1893,February,13
1893,February,18
1893,February,19
1893,February,24
1893,February,25
1893,March,1
1893,March,5
1893,March,6
1893,March,7
1893,March,8
1893,March,9
1893,March,11
1893,May,29
1893,May,30
1893,June,1
1893,June,2
1893,June,3
1893,June,4
1893,June,8
1893,June,9
1893,November,20
1893,November,23
1893,November,24
1893,November,25
1893,December,1
1893,December,2
1893,December,3
1893,December,4
1893,December,5
1893,December,11
1893,December,12
1894,January,13
1894,January,14
1894,January,17
1894,January,18
1894,January,19
1894,January,23
1894,January,25
1894,January,26
1894,January,30
1894,February,1
1894,February,2
1894,February,3
1894,February,8
1894,February,20
1894,February,21
1894,February,24
1894,February,25
1894,February,26
1894,February,27
1894,February,28
1894,March,1
1894,March,2
1894,March,3
1894,March,8
1894,March,9
1894,March,10
1894,April,17
1894,April,18
1894,April,19
1894,April,20
1894,April,21
1894,April,22
1894,April,24
1894,April,25
1894,April,27
1894,May,3
1894,May,6
1894,May,8
1894,May,12
1894,May,13
1894,May,14
1894,May,15
1894,May,16
1894,May,17
1894,May,18
1894,May,19
1894,May,20
1894,June,25
1894,June,26
1894,June,27
1894,June,30
1894,July,1
1894,July,6
1894,July,7
1894,July,8
1894,July,9
1894,July,10
1894,July,11
1895,January,13
1895,January,14
1895,January,15
1895,January,16
1895,January,17
1895,January,18
1895,January,20
1895,January,21
1895,January,23
1895,January,30
1895,January,31
1895,February,4
1895,February,5
1895,February,10
1895,February,11
1895,February,12
1895,February,14
1895,February,15
1895,February,16
1895,February,19
1895,February,21
1895,February,26
1895,February,27
1895,February,28
1895,March,4
1895,March,5
1895,March,9
1895,March,10
1895,March,12
1895,April,13
1895,April,15
1895,April,16
1895,April,17
1895,April,21
1895,April,22
1895,April,27
1895,April,29
1895,May,3
1895,May,5
1895,May,6
1895,May,7
1895,May,9
1895,May,10
1895,May,11
1895,May,12
1895,May,13
1895,May,14
1895,May,19
1895,May,20
1895,May,21
1895,May,25
1895,May,26
1895,May,30
1895,June,1
1895,June,2
1895,June,3
1895,June,4
1895,June,5
1895,June,6
1895,June,8
1895,June,10
1895,June,11
1895,June,15
1895,June,16
1895,June,17
1895,October,30
1895,October,31
1895,November,4
1895,November,5
1895,November,6
1895,November,10
1895,November,11
1895,November,13
1895,November,14
1895,November,18
1895,November,19
1895,November,21
1895,November,26
1895,November,27
1895,December,1
1895,December,2
1895,December,3
1895,December,9
1895,December,10
1895,December,11
1895,December,12
1896,January,20
1896,January,21
1896,January,25
1896,January,26
1896,January,27
1896,January,31
1896,February,1
1896,February,2
1896,February,3
1896,February,5
1896,February,6
1896,February,7
1896,February,8
1896,February,9
1896,February,10
1896,February,11
1896,February,16
1896,February,17
1896,February,18
1896,February,23
1896,February,27
1896,February,28
1896,February,29
1896,March,3
1896,March,4
1896,March,5
1896,March,7
1896,March,8
1896,March,9
1896,April,16
1896,April,17
1896,April,18
1896,April,22
1896,April,23
1896,April,24
1896,April,25
1896,April,26
1896,April,27
1896,April,28
1896,April,29
1896,April,30
1896,May,1
1896,May,2
1896,May,3
1896,May,9
1896,May,10
1896,November,15
1896,November,16
1896,November,17
1896,November,20
1896,November,21
1896,November,22
1896,November,27
1896,November,29
1896,November,30
1896,December,1
1896,December,2
1896,December,5
1896,December,7
1896,December,12
1897,January,14
1897,January,15
1897,January,16
1897,January,20
1897,January,21
1897,January,23
1897,January,24
1897,January,25
1897,January,27
1897,January,28
1897,January,29
1897,January,30
1897,February,5
1897,February,6
1897,February,7
1897,February,10
1897,February,11
1897,February,17
1897,February,18
1897,February,19
1897,February,21
1897,February,22
1897,February,23
1897,February,24
1897,February,25
1897,February,27
1897,February,28
1897,March,4
1897,March,5
1897,March,6
1897,March,10
1897,March,11
1897,April,14
1897,April,15
1897,April,16
1897,April,17
1897,April,18
1897,April,19
1897,April,20
1897,April,21
1897,May,4
1897,May,5
1897,May,10
1897,May,11
1897,May,12
1897,May,13
1897,May,15
1897,May,16
1897,May,17
1897,May,18
1897,May,19
1897,May,20
1897,May,21
1897,May,25
1897,May,26
1897,May,27
1897,June,1
1897,June,6
1897,June,7
1897,June,8
1897,June,9
1897,June,10
1897,June,11
1897,June,12
1897,June,13
1897,June,15
1897,June,16
1897,June,17
1897,June,21
1897,June,22
1897,June,23
1897,July,4
1897,July,5
1897,July,6
1897,July,7
1897,July,8
1897,November,5
1897,November,6
1897,November,11
1897,November,12
1897,November,17
1897,November,18
1897,November,20
1897,November,21
1897,November,22
1897,November,24
1897,November,25
1897,November,26
1897,November,27
1897,November,28
1897,December,2
1897,December,3
1897,December,7
1897,December,8
1897,December,9
1897,December,10
1898,April,13
1898,April,14
1898,April,18
1898,April,23
1898,April,24
1898,April,30
1898,May,1
1898,May,2
1898,May,3
1898,May,5
1898,May,7
1898,May,8
1898,May,9
1898,May,10
1898,May,11
1898,May,16
1898,May,17
1898,May,21
1898,May,22
1898,May,23
1898,May,30
1898,May,31
1898,June,1
1898,June,3
1898,June,4
1898,June,5
1898,June,6
1898,June,7
1898,June,11
1898,June,12
1898,June,13
1898,June,24
1898,June,26
1898,June,27
1898,June,28
1898,December,9
1898,December,10
1899,January,16
1899,January,17
1899,January,21
1899,January,22
1899,January,23
1899,January,28
1899,January,29
1899,January,30
1899,January,31
1899,February,1
1899,February,4
1899,February,5
1899,February,6
1899,February,7
1899,February,8
1899,February,12
1899,February,13
1899,February,14
1899,February,17
1899,February,19
1899,February,25
1899,February,26
1899,March,1
1899,March,2
1899,March,4
1899,March,5
1899,March,6
1899,March,7
1899,March,8
1899,March,12
1899,April,13
1899,April,14
1899,April,15
1899,April,20
1899,April,21
1899,April,22
1899,April,23
1899,April,24
1899,April,25
1899,April,26
1899,April,27
1899,April,28
1899,April,29
1899,April,30
1899,May,1
1899,May,2
1899,May,7
1899,May,11
1899,May,12
1899,May,17
1899,May,19
1899,May,20
1899,May,21
1899,May,22
1899,May,23
1899,May,24
1899,May,25
1899,May,26
1899,May,27
1899,May,28
1899,May,29
1899,June,2
1899,June,3
1899,June,13
1899,June,14
1899,June,17
1899,June,18
1899,June,19
1899,June,20
1899,June,21
1899,June,22
1899,June,23
1899,June,24
1899,June,25
1899,June,29
1899,June,30
1899,July,5
1899,July,11
1899,July,13
1899,July,14
1899,November,28
1899,November,29
1899,November,30
1899,December,5
1899,December,6
1899,December,10
1899,December,11
1899,December,12
1900,January,18
1900,January,19
1900,January,20
1900,January,21
1900,January,22
1900,January,25
1900,January,26
1900,January,28
1900,February,3
1900,February,4
1900,February,7
1900,February,8
1900,February,14
1900,February,16
1900,February,17
1900,February,19
1900,February,20
1900,February,22
1900,February,23
1900,February,24
1900,February,26
1900,March,2
1900,March,3
1900,March,8
1900,March,9
1900,April,13
1900,April,16
1900,April,18
1900,April,20
1900,April,21
1900,April,22
1900,April,26
1900,April,30
1900,May,1
1900,May,2
1900,May,7
1900,May,8
1900,May,9
1900,May,10
1900,May,11
1900,May,13
1900,May,15
1900,May,17
1900,May,18
1900,May,19
1900,May,24
1900,May,25
1900,May,29
1900,June,3
1900,June,4
1900,June,5
1900,June,6
1900,June,7
1900,June,9
1900,June,10
1900,June,11
1900,June,12
1900,June,13
1900,June,14
1900,June,15
1900,June,16
1900,June,19
1900,June,20
1900,June,21
1900,November,3
1900,November,4
1900,November,8
1900,November,9
1900,November,10
1900,November,14
1900,November,15
1900,November,17
1900,November,18
1900,November,19
1900,November,20
1900,November,22
1900,November,23
1900,November,24
1900,November,26
1900,November,27
1901,January,14
1901,January,16
1901,January,18
1901,January,24
1901,January,25
1901,January,26
1901,January,29
1901,January,30
1901,February,4
1901,February,5
1901,February,6
1901,February,7
1901,February,8
1901,February,10
1901,February,12
1901,February,14
1901,February,16
1901,February,20
1901,February,21
1901,February,22
1901,February,26
1901,February,27
1901,March,3
1901,March,4
1901,March,7
1901,March,9
1901,March,11
1901,May,27
1901,May,28
1901,May,29
1901,May,30
1901,June,1
1901,June,2
1901,June,3
1901,June,4
1901,June,5
1901,June,6
1901,June,10
1901,June,11
1901,June,21
1901,June,23
1901,June,24
1901,November,22
1901,November,23
1901,November,26
1901,November,27
1901,December,3
1901,December,4
1901,December,5
1901,December,6
1901,December,7
1901,December,13
1901,December,14
1902,February,4
1902,February,5
1902,February,6
1902,February,22
1902,February,23
1902,February,24
1902,February,26
1902,February,27
1902,February,28
1902,March,1
1902,March,2
1902,March,3
1902,March,4
1902,March,5
1902,March,6
1902,March,10
1902,March,11
1902,March,12
1902,April,18
1902,April,19
1902,April,20
1902,April,21
1902,April,22
1902,April,23
1902,April,24
1902,April,25
1902,April,27
1902,April,28
1902,April,29
1902,April,30
1902,May,5
1902,May,6
1902,May,9
1902,May,10
1902,May,14
1902,May,15
1902,May,16
1902,May,17
1902,May,18
1902,May,20
1902,May,22
1902,May,23
1902,May,24
1902,May,25
1902,May,26
1902,May,27
1902,May,31
1902,June,1
1902,June,2
1902,June,11
1902,June,13
1902,June,14
1902,June,16
1902,June,17
1902,June,18
1902,June,19
1902,June,20
1902,June,21
1902,June,22
1902,June,23
1902,June,28
1902,June,29
1902,July,8
1902,July,10
1902,July,11
1902,July,12
1902,July,13
1902,July,14
1903,January,16
1903,January,17
1903,January,18
1903,January,20
1903,January,23
1903,January,25
1903,February,1
1903,February,2
1903,February,3
1903,March,12
1903,April,15
1903,April,17
1903,April,19
1903,April,20
1903,April,24
1903,April,29
1903,April,30
1903,May,1
1903,May,5
1903,May,7
1903,May,8
1903,May,9
1903,May,10
1903,May,12
1903,May,13
1903,May,14
1903,May,15
1903,May,16
1903,May,17
1903,May,22
1903,May,23
1903,May,27
1903,May,28
1903,June,1
1903,June,2
1903,June,3
1903,June,4
1903,June,6
1903,June,8
1903,June,9
1903,June,10
1903,June,11
1903,June,12
1903,June,13
1903,June,18
1903,June,19
1903,June,20
1903,June,29
1903,June,30
1903,July,1
1903,July,3
1903,November,2
1903,November,8
1903,November,12
1903,November,13
1903,November,15
1903,November,16
1903,November,17
1903,November,20
1903,November,21
1903,November,22
1903,November,24
1903,November,29
1903,November,30
1903,December,4
1903,December,5
1903,December,11
1903,December,12
1903,December,13
1903,December,14
1904,January,15
1904,January,22
1904,January,23
1904,January,24
1904,January,27
1904,January,28
1904,January,29
1904,February,2
1904,February,3
1904,February,4
1904,February,5
1904,February,7
1904,February,8
1904,February,9
1904,February,11
1904,February,13
1904,February,18
1904,February,19
1904,February,20
1904,February,25
1904,February,26
1904,March,1
1904,March,2
1904,March,5
1904,March,6
1904,March,7
1904,March,9
1904,March,11
1904,April,18
1904,April,19
1904,April,20
1904,April,24
1904,April,25
1904,April,26
1904,April,27
1904,April,28
1904,April,29
1904,May,1
1904,May,3
1904,May,4
1904,May,5
1904,May,11
1904,May,12
1904,November,18
1904,November,19
1904,November,23
1904,November,24
1904,November,25
1904,December,1
1904,December,2
1904,December,3
1904,December,4
1904,December,9
1904,December,10
1905,January,17
1905,January,18
1905,January,19
1905,January,23
1905,January,25
1905,January,26
1905,January,27
1905,January,29
1905,January,31
1905,February,1
1905,February,7
1905,February,8
1905,February,9
1905,February,13
1905,February,20
1905,February,21
1905,February,23
1905,February,24
1905,February,25
1905,February,26
1905,February,27
1905,February,28
1905,March,1
1905,March,2
1905,March,7
1905,March,8
1905,March,9
1905,April,17
1905,April,18
1905,May,27
1905,May,28
1905,May,29
1905,June,3
1905,June,8
1905,June,9
1905,June,10
1905,June,11
1905,June,12
1905,June,13
1905,June,14
1905,June,15
1905,June,16
1905,June,17
1905,June,18
1905,June,19
1905,June,24
1905,June,25
1905,June,26
1905,July,6
1905,July,7
1905,July,8
1905,July,10
1905,July,11
1905,November,7
1905,November,8
1905,November,9
1905,November,13
1905,November,14
1905,November,15
1905,November,19
1905,November,20
1905,November,22
1905,November,23
1905,November,24
1905,November,28
1905,November,30
1905,December,4
1905,December,5
1905,December,6
1905,December,10
1905,December,11
1905,December,12
1906,March,13
1906,April,14
1906,April,15
1906,April,16
1906,April,20
1906,April,21
1906,April,26
1906,April,27
1906,April,28
1906,May,2
1906,May,3
1906,May,5
1906,May,7
1906,May,9
1906,May,11
1906,May,12
1906,May,13
1906,May,18
1906,May,19
1906,May,23
1906,May,24
1906,May,25
1906,June,28
1906,June,29
1906,October,29
1906,October,30
1906,November,3
1906,November,4
1906,November,5
1906,November,10
1906,November,13
1906,November,18
1906,November,19
1906,November,21
1906,December,9
1906,December,10
1906,December,12
1906,December,14
1907,January,19
1907,January,20
1907,January,24
1907,January,25
1907,January,26
1907,January,30
1907,January,31
1907,February,2
1907,February,3
1907,February,6
1907,February,7
1907,February,8
1907,February,9
1907,February,10
1907,April,16
1907,April,17
1907,April,23
1907,April,24
1907,April,26
1907,April,27
1907,April,28
1907,April,29
1907,April,30
1907,May,1
1907,May,2
1907,May,3
1907,May,4
1907,May,9
1907,May,14
1907,May,15
1907,May,22
1907,May,23
1907,May,24
1907,May,25
1907,May,26
1907,May,27
1907,May,28
1907,May,29
1907,May,30
1907,May,31
1907,June,4
1907,June,5
1907,June,6
1907,June,16
1907,June,18
1907,June,19
1907,June,20
1907,June,21
1907,June,22
1907,June,23
1907,June,24
1907,June,25
1907,June,26
1907,June,27
1907,November,16
1907,November,17
1907,November,20
1907,November,21
1907,November,22
1907,November,27
1907,November,29
1907,November,30
1907,December,1
1907,December,2
1907,December,3
1907,December,8
1907,December,12
1907,December,13
1907,December,14
1908,January,15
1908,January,16
1908,January,20
1908,January,21
1908,January,22
1908,January,24
1908,January,25
1908,January,28
1908,January,29
1908,January,30
1908,February,5
1908,February,6
1908,February,10
1908,February,19
1908,February,20
1908,February,22
1908,February,23
1908,February,24
1908,February,25
1908,February,26
1908,February,28
1908,February,29
1908,March,3
1908,March,4
1908,March,5
1908,March,9
1908,March,10
1908,April,13
1908,April,14
1908,April,15
1908,April,17
1908,April,19
1908,April,21
1908,April,22
1908,April,23
1908,May,2
1908,May,3
1908,May,4
1908,May,9
1908,May,10
1908,May,11
1908,May,13
1908,May,14
1908,May,15
1908,May,16
1908,May,17
1908,May,18
1908,May,19
1908,May,20
1908,May,24
1908,May,25
1908,May,26
1908,May,30
1908,May,31
1908,June,5
1908,June,6
1908,June,7
1908,June,8
1908,June,9
1908,June,11
1908,June,12
1908,June,13
1908,June,14
1908,June,15
1908,June,16
1908,June,17
1908,June,21
1908,June,22
1908,November,4
1908,November,5
1908,November,10
1908,November,11
1908,November,16
1908,November,17
1908,November,19
1908,November,20
1908,November,21
1908,November,24
1908,November,25
1908,November,27
1908,November,28
1908,December,2
1908,December,7
1908,December,8
1909,January,14
1909,January,15
1909,January,17
1909,January,18
1909,January,19
1909,January,25
1909,January,26
1909,January,27
1909,January,30
1909,January,31
1909,February,6
1909,February,8
1909,February,9
1909,February,12
1909,February,13
1909,February,17
1909,February,22
1909,February,23
1909,February,28
1909,March,5
1909,March,9
1909,March,10
1909,March,11
1909,March,12
1909,May,27
1909,May,29
1909,May,30
1909,May,31
1909,June,1
1909,June,2
1909,June,3
1909,June,5
1909,June,6
1909,June,7
1909,June,11
1909,June,12
1909,June,23
1909,June,25
1909,June,26
1909,June,27
1909,November,23
1909,November,24
1909,November,27
1909,November,28
1909,November,29
1909,December,5
1909,December,6
1909,December,7
1909,December,8
1909,December,9
1910,January,16
1910,January,17
1910,January,20
1910,January,21
1910,January,22
1910,January,27
1910,January,29
1910,January,30
1910,January,31
1910,February,3
1910,February,4
1910,February,5
1910,February,17
1910,February,19
1910,February,23
1910,February,24
1910,February,25
1910,February,28
1910,March,1
1910,March,3
1910,March,4
1910,March,5
1910,March,6
1910,March,7
1910,March,12
1910,March,13
1910,April,14
1910,April,19
1910,April,20
1910,April,21
1910,April,22
1910,April,23
1910,April,24
1910,April,25
1910,April,26
1910,April,27
1910,April,28
1910,April,29
1910,April,30
1910,May,1
1910,May,7
1910,May,10
1910,May,11
1910,May,12
1910,May,16
1910,May,18
1910,May,19
1910,May,20
1910,May,21
1910,May,22
1910,May,23
1910,May,24
1910,May,26
1910,May,28
1910,May,29
1910,June,2
1910,June,3
1910,June,12
1910,June,14
1910,June,15
1910,June,16
1910,June,18
1910,June,20
1910,June,21
1910,June,22
1910,June,23
1910,June,24
1910,June,25
1910,June,29
1910,June,30
1910,July,5
1910,July,9
1910,July,10
1910,July,11
1910,July,12
1910,July,13
1910,July,15
1911,January,17
1911,January,18
1911,January,19
1911,January,20
1911,January,22
1911,January,24
1911,January,25
1911,January,27
1911,February,3
1911,February,4
1911,February,7
1911,February,8
1911,February,13
1911,February,15
1911,February,16
1911,February,18
1911,February,19
1911,February,21
1911,February,23
1911,February,24
1911,February,25
1911,February,26
1911,March,2
1911,March,3
1911,March,7
1911,March,8
1911,March,12
1911,March,13
1911,April,15
1911,April,17
1911,April,19
1911,April,20
1911,April,21
1911,April,26
1911,April,30
1911,May,1
1911,May,2
1911,May,6
1911,May,7
1911,May,8
1911,May,9
1911,May,14
1911,May,16
1911,May,17
1911,May,18
1911,May,19
1911,May,23
1911,May,24
1911,May,25
1911,May,28
1911,May,29
1911,June,2
1911,June,3
1911,June,4
1911,June,5
1911,June,7
1911,June,8
1911,June,9
1911,June,10
1911,June,12
1911,June,13
1911,June,14
1911,June,15
1911,June,19
1911,June,20
1911,June,21
1911,June,30
1911,July,2
1911,July,4
1911,July,5
1911,November,3
1911,December,5
1911,December,6
1911,December,7
1911,December,12
1911,December,13
1911,December,14
1912,January,15
1912,January,16
1912,January,17
1912,January,24
1912,January,25
1912,January,26
1912,January,29
1912,January,30
1912,February,3
1912,February,4
1912,February,5
1912,February,6
1912,February,7
1912,February,9
1912,February,10
1912,February,11
1912,February,12
1912,February,13
1912,February,14
1912,February,15
1912,February,20
1912,February,21
1912,February,27
1912,March,2
1912,March,3
1912,March,5
1912,March,6
1912,March,7
1912,March,8
1912,March,9
1912,March,11
1912,April,15
1912,April,20
1912,April,21
1912,April,25
1912,April,26
1912,April,28
1912,April,29
1912,April,30
1912,May,1
1912,May,2
1912,May,3
1912,May,5
1912,May,6
1912,May,7
1912,May,13
1912,May,14
1912,May,17
1912,May,18
1912,May,19
1912,May,25
1912,May,26
1912,May,27
1912,May,28
1912,May,29
1912,May,30
1912,May,31
1912,June,1
1912,June,2
1912,June,3
1912,June,4
1912,November,20
1912,November,21
1912,November,24
1912,November,25
1912,November,26
1912,December,2
1912,December,3
1912,December,4
1913,January,14
1913,January,15
1913,January,18
1913,January,19
1913,January,20
1913,January,24
1913,January,26
1913,January,27
1913,January,30
1913,January,31
1913,February,1
1913,February,2
1913,February,9
1913,February,10
1913,February,11
1913,February,14
1913,February,15
1913,February,21
1913,February,22
1913,February,24
1913,February,25
1913,February,27
1913,March,1
1913,March,3
1913,March,4
1913,March,8
1913,March,9
1913,March,10
1913,May,4
1913,May,7
1913,May,8
1913,May,9
1913,May,13
1913,May,14
1913,May,15
1913,May,16
1913,May,17
1913,May,18
1913,May,19
1913,May,20
1913,May,21
1913,May,22
1913,May,24
1913,May,25
1913,May,29
1913,May,30
1913,May,31
1913,June,10
1913,June,11
1913,June,12
1913,June,13
1913,June,14
1913,June,15
1913,June,16
1913,June,17
1913,June,18
1913,June,19
1913,June,20
1913,June,21
1913,June,26
1913,June,27
1913,July,7
1913,July,8
1913,July,9
1913,July,10
1913,July,11
1913,July,12
1913,November,9
1913,November,10
1913,November,11
1913,November,15
1913,November,16
1913,November,21
1913,November,23
1913,November,24
1913,November,25
1913,November,26
1913,December,1
1913,December,2
1913,December,6
1913,December,7
1913,December,8
1913,December,12
1913,December,13
1913,December,14
1914,March,11
1914,March,13
1914,April,15
1914,April,16
1914,April,17
1914,April,22
1914,April,27
1914,April,28
1914,April,29
1914,May,4
1914,May,5
1914,May,6
1914,May,7
1914,May,8
1914,May,10
1914,May,11
1914,May,12
1914,May,13
1914,May,14
1914,May,15
1914,May,19
1914,May,20
1914,May,21
1914,May,25
1914,May,26
1914,May,27
1914,May,31
1914,June,1
1914,June,2
1914,June,3
1914,June,5
1914,June,6
1914,June,7
1914,June,8
1914,June,9
1914,June,10
1914,June,11
1914,June,15
1914,June,16
1914,June,17
1914,June,21
1914,June,28
1914,June,29
1914,June,30
1914,July,2
1914,October,30
1914,October,31
1914,November,4
1914,November,6
1914,November,7
1914,November,11
1914,November,12
1914,November,14
1914,November,15
1914,December,10
1914,December,11
1914,December,12
1914,December,13
1915,January,20
1915,January,21
1915,January,22
1915,January,25
1915,January,26
1915,January,27
1915,February,1
1915,February,2
1915,February,3
1915,February,4
1915,February,6
1915,February,7
1915,February,8
1915,February,9
1915,February,10
1915,May,15
1915,May,16
1915,May,17
1915,May,23
1915,May,24
1915,May,25
1915,May,26
1915,May,27
1915,May,28
1915,May,29
1915,May,30
1915,May,31
1915,June,1
1915,June,5
1915,June,6
1915,June,7
1915,June,18
1915,June,19
1915,June,20
1915,June,21
1915,June,22
1915,June,23
1915,June,24
1915,June,25
1915,June,26
1915,June,27
1915,June,28
1915,July,3
1915,July,4
1915,July,9
1915,July,10
1915,July,15
1915,November,17
1915,November,18
1915,November,22
1915,November,23
1915,November,24
1915,November,29
1915,December,1
1915,December,2
1915,December,3
1915,December,4
1915,December,5
1915,December,7
1915,December,9
1915,December,13
1916,January,15
1916,January,16
1916,January,17
1916,January,22
1916,January,25
1916,January,26
1916,January,29
1916,January,30
1916,January,31
1916,February,1
1916,February,6
1916,February,7
1916,February,8
1916,February,11
1916,February,12
1916,February,19
1916,February,20
1916,February,21
1916,February,23
1916,February,24
1916,February,26
1916,February,27
1916,February,28
1916,February,29
1916,March,1
1916,March,5
1916,March,6
1916,March,10
1916,March,11
1916,March,12
1916,April,24
1916,May,3
1916,May,4
1916,May,5
1916,May,10
1916,May,11
1916,May,12
1916,May,13
1916,May,14
1916,May,16
1916,May,17
1916,May,18
1916,May,19
1916,May,20
1916,May,21
1916,May,22
1916,May,25
1916,May,26
1916,May,27
1916,June,1
1916,June,7
1916,June,9
1916,June,10
1916,June,11
1916,June,12
1916,June,13
1916,June,14
1916,June,16
1916,June,17
1916,June,18
1916,June,22
1916,June,23
1916,November,6
1916,November,11
1916,November,12
1916,November,13
1916,November,17
1916,November,18
1916,November,20
1916,November,21
1916,November,22
1916,November,23
1916,November,25
1916,November,26
1916,November,27
1916,November,28
1916,November,29
1916,December,3
1916,December,4
1916,December,8
1916,December,9
1916,December,10
1917,January,14
1917,January,15
1917,January,16
1917,January,17
1917,January,19
1917,January,26
1917,January,27
1917,January,28
1917,January,31
1917,February,1
1917,February,2
1917,February,7
1917,February,8
1917,February,9
1917,February,10
1917,February,11
1917,February,13
1917,February,15
1917,February,19
1917,February,23
1917,February,24
1917,March,1
1917,March,2
1917,March,7
1917,March,10
1917,March,11
1917,March,12
1917,May,30
1917,May,31
1917,June,2
1917,June,4
1917,June,5
1917,June,6
1917,June,7
1917,June,8
1917,June,12
1917,June,13
1917,June,14
1917,June,24
1917,June,25
1917,June,27
1917,June,28
1917,June,29
1917,November,25
1917,November,28
1917,November,29
1917,November,30
1917,December,7
1917,December,8
1917,December,10
1918,January,17
1918,January,18
1918,January,22
1918,January,23
1918,January,24
1918,January,28
1918,January,29
1918,January,31
1918,February,1
1918,February,14
1918,February,15
1918,February,18
1918,February,20
1918,February,25
1918,February,26
1918,February,27
1918,March,2
1918,March,3
1918,March,4
1918,March,5
1918,March,6
1918,March,7
1918,March,8
1918,March,9
1918,March,13
1918,April,14
1918,April,15
1918,April,20
1918,April,21
1918,April,22
1918,April,23
1918,April,24
1918,April,25
1918,April,26
1918,April,28
1918,April,30
1918,May,1
1918,May,2
1918,May,3
1918,May,8
1918,May,12
1918,May,13
1918,May,17
1918,May,18
1918,May,19
1918,May,20
1918,May,21
1918,May,22
1918,May,23
1918,May,24
1918,May,25
1918,May,26
1918,May,27
1918,May,28
1918,May,29
1918,May,30
1918,July,6
1918,July,11
1918,July,13
1918,July,14
1918,July,15
1919,January,14
1919,January,18
1919,January,19
1919,January,20
1919,January,21
1919,January,22
1919,January,26
1919,January,27
1919,January,28
1919,January,29
1919,February,4
1919,February,5
1919,February,8
1919,February,9
1919,February,15
1919,February,16
1919,February,17
1919,February,20
1919,February,21
1919,February,23
1919,February,27
1919,March,3
1919,March,4
1919,March,5
1919,March,9
1919,April,16
1919,April,18
1919,April,19
1919,April,20
1919,April,21
1919,April,22
1919,April,23
1919,May,1
1919,May,2
1919,May,7
1919,May,8
1919,May,9
1919,May,10
1919,May,11
1919,May,16
1919,May,18
1919,May,19
1919,May,20
1919,May,24
1919,May,25
1919,May,26
1919,May,30
1919,June,4
1919,June,6
1919,June,7
1919,June,8
1919,June,10
1919,June,11
1919,June,12
1919,June,14
1919,June,15
1919,June,16
1919,June,17
1919,June,21
1919,June,22
1919,July,1
1919,July,2
1919,July,3
1919,July,4
1919,November,4
1919,November,5
1919,November,9
1919,November,10
1919,November,15
1919,November,18
1919,November,20
1919,November,23
1919,November,24
1919,November,25
1919,November,27
1919,December,2
1919,December,6
1919,December,7
1919,December,8
1919,December,14
1920,January,16
1920,January,18
1920,January,25
1920,January,26
1920,January,27
1920,January,30
1920,January,31
1920,February,5
1920,February,7
1920,February,8
1920,February,10
1920,February,11
1920,February,12
1920,February,14
1920,February,16
1920,February,21
1920,February,22
1920,February,23
1920,February,28
1920,March,3
1920,March,7
1920,March,8
1920,March,10
1920,March,11
1920,April,16
1920,April,17
1920,April,21
1920,April,22
1920,April,27
1920,April,29
1920,April,30
1920,May,2
1920,May,4
1920,May,6
1920,May,7
1920,May,8
1920,May,9
1920,May,14
1920,May,15
1920,May,19
1920,May,20
1920,May,25
1920,May,26
1920,May,27
1920,May,29
1920,May,31
1920,June,1
1920,June,3
1920,November,22
1920,November,26
1920,November,27
1920,December,3
1920,December,4
1920,December,5
1920,December,6
1920,December,7
1920,December,13
1921,January,15
1921,January,16
1921,January,19
1921,January,20
1921,January,21
1921,January,25
1921,January,26
1921,January,27
1921,January,28
1921,February,1
1921,February,3
1921,February,4
1921,February,5
1921,February,11
1921,February,12
1921,February,16
1921,February,22
1921,February,23
1921,February,26
1921,February,27
1921,February,28
1921,March,1
1921,March,2
1921,March,3
1921,March,4
1921,March,5
1921,March,10
1921,March,11
1921,March,12
1921,April,28
1921,April,29
1921,May,5
1921,May,9
1921,May,10
1921,May,14
1921,May,15
1921,May,16
1921,May,18
1921,May,19
1921,May,20
1921,May,21
1921,May,22
1921,May,23
1921,May,24
1921,May,25
1921,May,26
1921,May,31
1921,June,1
1921,June,2
1921,June,11
1921,June,12
1921,June,13
1921,June,14
1921,June,16
1921,June,17
1921,June,18
1921,June,20
1921,June,21
1921,June,22
1921,June,23
1921,June,27
1921,June,28
1921,June,29
1921,July,8
1921,July,10
1921,July,11
1921,July,12
1921,July,13
1921,November,11
1921,November,12
1921,November,16
1921,November,17
1921,November,22
1921,November,24
1921,November,25
1921,November,26
1921,November,27
1921,December,2
1921,December,3
1921,December,8
1921,December,10
1921,December,13
1921,December,14
1922,March,11
1922,March,12
1922,April,15
1922,April,17
1922,April,18
1922,April,19
1922,April,23
1922,April,24
1922,April,29
1922,April,30
1922,May,1
1922,May,5
1922,May,6
1922,May,7
1922,May,8
1922,May,9
1922,May,12
1922,May,14
1922,May,15
1922,May,16
1922,May,21
1922,May,22
1922,May,23
1922,May,27
1922,May,28
1922,June,1
1922,June,2
1922,June,3
1922,June,4
1922,June,6
1922,June,8
1922,June,10
1922,June,11
1922,June,12
1922,June,13
1922,June,17
1922,June,18
1922,June,19
1922,June,29
1922,June,30
1922,July,1
1922,July,3
1922,November,8
1922,November,12
1922,November,13
1922,November,15
1922,December,3
1922,December,4
1922,December,5
1922,December,11
1922,December,12
1922,December,13
1922,December,14
1923,January,14
1923,January,15
1923,January,22
1923,January,23
1923,January,27
1923,January,28
1923,January,29
1923,February,2
1923,February,3
1923,February,4
1923,February,5
1923,February,6
1923,February,7
1923,February,8
1923,February,9
1923,February,11
1923,February,12
1923,February,13
1923,February,18
1923,February,19
1923,February,20
1923,February,25
1923,March,2
1923,March,3
1923,March,6
1923,March,7
1923,March,8
1923,March,10
1923,March,12
1923,April,14
1923,April,19
1923,April,20
1923,April,21
1923,April,25
1923,April,26
1923,April,28
1923,April,29
1923,April,30
1923,May,2
1923,May,4
1923,May,5
1923,May,6
1923,May,12
1923,May,13
1923,June,21
1923,June,22
1923,June,24
1923,June,25
1923,June,26
1923,June,28
1923,June,29
1923,July,5
1923,July,10
1923,July,11
1923,July,12
1923,December,10
1923,December,11
1924,January,17
1924,January,18
1924,January,19
1924,January,23
1924,January,24
1924,January,26
1924,January,27
1924,January,30
1924,January,31
1924,February,1
1924,February,2
1924,February,8
1924,February,9
1924,February,10
1924,February,13
1924,February,14
1924,February,20
1924,February,21
1924,February,22
1924,February,24
1924,February,25
1924,February,27
1924,February,28
1924,February,29
1924,March,1
1924,March,2
1924,March,6
1924,March,7
1924,March,8
1924,March,12
1924,April,16
1924,April,17
1924,April,18
1924,April,20
1924,April,21
1924,April,22
1924,April,23
1924,April,24
1924,April,25
1924,May,5
1924,May,7
1924,May,12
1924,May,13
1924,May,14
1924,May,15
1924,May,16
1924,May,17
1924,May,19
1924,May,20
1924,May,21
1924,May,22
1924,May,23
1924,May,27
1924,May,28
1924,May,29
1924,June,3
1924,June,8
1924,June,9
1924,June,10
1924,June,11
1924,June,12
1924,June,13
1924,June,14
1924,June,15
1924,June,16
1924,June,17
1924,June,18
1924,June,19
1924,July,10
1924,July,11
1924,November,7
1924,November,8
1924,November,9
1924,November,13
1924,November,14
1924,November,19
1924,November,20
1924,November,22
1924,November,23
1924,November,24
1924,November,28
1924,November,30
1924,December,4
1924,December,5
1924,December,6
1924,December,9
1925,January,15
1925,January,16
1925,January,17
1925,January,18
1925,January,20
1925,January,28
1925,January,29
1925,February,2
1925,February,3
1925,February,9
1925,February,11
1925,February,12
1925,February,14
1925,February,16
1925,February,19
1925,February,20
1925,February,24
1925,February,25
1925,February,26
1925,March,2
1925,March,3
1925,March,8
1925,March,9
1925,March,12
1925,May,23
1925,May,24
1925,May,30
1925,June,1
1925,June,2
1925,June,3
1925,June,5
1925,June,6
1925,June,7
1925,June,8
1925,June,9
1925,June,10
1925,June,13
1925,June,14
1925,June,15
1925,June,19
1925,June,26
1925,June,28
1925,June,29
1925,October,29
1925,October,30
1925,November,2
1925,November,3
1925,November,4
1925,November,9
1925,November,10
1925,November,12
1925,November,13
1925,November,18
1925,November,19
1925,November,21
1925,November,25
1925,November,29
1925,November,30
1925,December,1
1925,December,2
1925,December,8
1925,December,9
1925,December,10
1925,December,11
1925,December,12
1925,December,13
1926,April,15
1926,April,16
1926,April,17
1926,April,22
1926,April,23
1926,April,24
1926,April,25
1926,April,26
1926,April,27
1926,April,28
1926,April,29
1926,April,30
1926,May,1
1926,May,2
1926,May,3
1926,May,4
1926,May,9
1926,May,13
1926,May,14
1926,May,21
1926,May,22
1926,May,23
1926,May,24
1926,May,25
1926,May,27
1926,May,29
1926,May,30
1926,May,31
1926,June,4
1926,June,5
1926,June,6
1926,June,15
1926,June,16
1926,June,17
1926,June,19
1926,June,20
1926,June,21
1926,June,22
1926,June,23
1926,June,24
1926,June,25
1926,June,26
1926,June,27
1926,July,1
1926,July,2
1926,July,7
1926,July,13
1926,July,15
1927,January,14
1927,January,15
1927,January,20
1927,January,21
1927,January,22
1927,January,23
1927,January,24
1927,January,27
1927,January,28
1927,January,30
1927,February,5
1927,February,6
1927,February,9
1927,February,10
1927,April,14
1927,April,15
1927,April,18
1927,April,20
1927,April,22
1927,April,23
1927,April,24
1927,May,3
1927,May,4
1927,May,9
1927,May,10
1927,May,11
1927,May,13
1927,May,15
1927,May,17
1927,May,19
1927,May,20
1927,May,21
1927,May,22
1927,May,26
1927,May,27
1927,May,31
1927,June,5
1927,June,6
1927,June,7
1927,June,8
1927,June,9
1927,June,11
1927,June,12
1927,June,13
1927,June,14
1927,June,15
1927,June,16
1927,June,17
1927,June,18
1927,June,22
1927,June,23
1927,July,3
1927,July,5
1927,July,6
1927,July,7
1927,July,8
1927,November,6
1927,November,10
1927,November,11
1927,November,12
1927,November,16
1927,November,17
1927,November,19
1927,November,20
1927,November,21
1927,November,22
1927,November,24
1927,November,25
1927,November,26
1927,November,28
1927,November,29
1927,December,3
1927,December,4
1927,December,8
1927,December,9
